portfolio,market_value,delta_total,gamma_total,vega_total,theta_total,rho_total,num_positions
equity_book,130.30353356944653,20.40591077424277,1.0047931212522747,285.13963280518703,-0.7441305549284664,272.2344195366455,3
income_book,22.980970260538356,-4.22386086932126,0.5765802000336802,156.38750631050502,-0.3212713850644311,-54.908267325123,1
vol_book,-131.9257032814549,13.880963734565087,-0.26630704320807863,-51.61246878031082,0.09899020836271494,303.3973526548406,2
TOTAL,21.358800548529985,30.0630136394866,1.3150662780778761,389.9146703353813,-0.9664117316301823,520.7235048663631,6
